OpenDSS Value (p.u.),Bus
1.0522965016308712,p4ulv14
1.0644532772919106,p4udm1
1.0760544001137835,p4ulv29
