OpenDSS Value (p.u.),Bus
1.0599536437897488,p4ulv14
1.0720211482122293,p4udm1
1.0835398974212096,p4ulv29
